MeasuredFrame,FrameTime,GameThreadTime,RenderThreadTime,GPUTime,RHIThreadTime
0,21.8184,0.8928,21.8130,22.8120,1.3837
1,3.4368,0.9756,3.4273,22.8120,1.2475
2,7.5555,0.9325,7.1445,22.8120,1.0592
3,54.5242,0.8661,54.8395,21.5180,1.0827
4,23.2191,1.1202,23.1884,22.9550,1.2731
5,3.5510,0.9709,3.6153,22.9550,1.3326
6,39.6718,0.8436,39.6194,21.3151,1.2466
7,21.4291,1.0100,21.4185,20.5515,1.3652
8,20.7951,0.8862,20.8446,21.3992,1.3051
9,21.6612,0.8960,21.6332,21.1020,1.4126
10,20.6490,0.9371,20.6401,20.9145,1.3710
11,22.8915,0.8916,22.8607,22.7181,1.2449
12,3.4947,1.1529,3.5364,22.7181,1.3680
13,40.1629,0.8182,40.1608,21.6318,1.0336
14,22.0954,0.9677,22.0634,21.9827,1.3077
15,3.2812,0.9488,3.3138,21.9827,1.2766
16,41.1753,0.7869,41.1618,22.6474,1.2154
17,21.5822,1.1018,21.5532,21.5056,1.4365
18,20.4808,0.9511,20.4753,20.5567,1.3221
19,3.2928,0.9107,3.3220,20.5567,1.2116
20,39.5128,0.8680,39.4924,20.4864,1.0363
21,21.5791,1.0211,21.5834,21.5297,1.3465
22,3.1793,0.8885,3.1737,21.5297,1.2210
23,41.2064,0.8563,41.1587,22.3957,1.0192
24,3.3985,1.0129,3.4459,22.3957,1.3136
25,38.9511,0.8062,38.9388,20.4715,1.1566
26,23.1808,0.8655,23.1561,23.0475,1.3104
27,22.7990,0.8966,22.7920,22.6896,1.1925
28,3.3084,0.8627,3.2899,22.6896,1.1688
29,7.3753,0.9133,6.9922,22.6896,1.1315
30,53.3698,0.8460,53.7765,20.7192,1.0558
31,22.7093,0.9704,22.6474,22.5660,1.2321
32,21.7492,1.1024,21.7833,20.6829,1.2875
33,22.8975,0.9863,22.8808,22.7797,1.4159
34,21.5178,0.9212,21.5306,22.5425,1.1828
35,22.8160,0.9319,22.8070,22.4783,1.2190
36,20.7142,0.9787,20.6991,20.5039,1.3385
37,22.9679,0.8458,22.9626,22.9308,1.2646
38,22.8945,1.0375,22.9032,22.7696,1.2578
39,21.3490,1.0604,21.3249,20.4484,1.3112
40,20.7024,0.8179,20.6895,21.5086,1.2832
41,20.5111,0.8301,20.5431,20.4297,1.3342
42,21.7962,0.8701,21.7458,20.7076,1.2435
43,20.5878,1.1512,20.5844,21.4823,1.3863
44,23.7573,0.9208,23.7760,23.4530,1.1992
45,22.9054,1.1226,22.8676,21.8432,1.2229
46,3.5633,1.1084,3.5872,21.8432,1.2840
47,7.5667,1.0376,7.1504,21.8432,1.1570
48,54.7572,0.8987,55.1801,22.7846,0.9738
49,22.5864,0.9362,22.5567,22.6885,1.5073
50,20.6373,0.9302,20.6325,20.5497,1.2050
51,21.5620,0.8721,21.5688,20.6769,1.3699
52,20.7735,1.0270,20.7687,21.4030,1.1861
53,21.6545,0.9213,21.6165,21.6161,1.3458
54,20.7851,1.0049,20.8148,20.7319,1.3470
55,23.1861,1.0555,23.1531,23.0645,1.3288
56,3.4267,1.1699,3.4635,23.0645,1.2168
57,7.5598,0.8148,7.0717,23.0645,1.1461
58,53.8191,0.8062,54.2854,21.2792,1.0893
59,2.9700,1.0580,2.9738,21.2792,1.3135
60,7.6150,0.8214,7.1588,21.2792,1.0712
61,56.6794,0.7820,57.1388,21.5413,1.5613
62,21.9616,1.0396,21.8852,20.8330,1.3831
63,3.5071,0.8503,3.5694,20.8330,1.5105
64,7.7072,0.8654,7.2663,20.8330,1.2439
65,8.4070,1.0443,8.2461,22.2795,1.1881
66,19.1929,1.0885,7.7909,22.2795,12.7639
67,20.6800,0.9722,30.9479,21.8148,2.3147
68,70.8650,0.9872,72.5667,20.3075,7.9192
69,3.3409,1.0697,3.3717,20.3075,1.3083
70,41.3790,0.9333,41.3599,21.6404,1.0939
71,21.9914,0.9368,21.9837,22.9942,1.3428
72,21.7026,1.0370,21.7034,21.6828,1.2320
73,21.7144,0.8695,21.6827,20.3803,1.3319
74,20.4194,0.8620,20.4076,21.6283,1.3382
75,3.3835,0.9070,3.4072,21.6283,1.2367
76,40.5713,0.8402,40.5572,22.0554,1.0924
77,23.1052,1.0228,23.0833,22.9020,1.3290
78,22.9225,1.1331,22.9306,22.7710,1.2848
79,2.8811,0.9425,2.8971,22.7710,1.3077
80,7.7857,0.7944,7.3019,22.7710,1.1781
81,8.5843,0.9293,8.5475,21.2315,1.1108
82,69.9552,0.8083,70.4608,23.0990,12.4935
83,22.2553,1.0329,22.2455,22.0661,1.2281
84,3.4748,0.9714,3.4768,22.0661,1.1820
85,39.7918,0.9424,39.7700,20.6551,1.1126
86,3.8296,1.0202,3.8415,20.6551,1.3864
87,40.8056,0.9528,40.7575,20.9303,1.1363
88,22.3030,1.0265,22.3188,23.0383,1.2156
89,3.2779,0.9923,3.2840,23.0383,1.3035
90,42.0148,0.9623,41.9745,22.2549,1.0397
91,21.1478,0.9419,21.1464,20.9053,1.3277
92,23.0235,1.0255,23.0059,22.9426,1.4014
93,3.8218,1.1443,3.8839,22.9426,1.3506
94,40.9166,0.8580,40.8804,20.4300,1.1307
95,2.8350,0.9152,2.8642,20.4300,1.2873
96,9.0892,0.9572,8.4341,20.4300,1.1011
97,7.2992,1.0028,7.4403,21.9715,1.1012
98,18.8860,1.0458,8.5852,21.9715,11.4362
99,21.9611,1.1799,30.5683,21.0663,2.8958
100,71.7252,0.9558,73.8951,22.8301,7.9187
101,21.8010,1.0798,21.7705,22.0425,1.5048
102,3.9510,1.2296,3.9810,22.0425,1.2334
103,40.2890,0.8566,40.2766,22.9055,1.0742
104,23.3428,1.3024,23.3415,23.2760,1.3124
105,3.8032,1.0185,3.8022,23.2760,1.3629
106,7.9187,0.9952,7.4305,23.2760,1.1823
107,53.6777,1.0004,54.1301,21.7433,1.0639
108,22.1793,0.9545,22.1055,21.0220,1.4020
109,21.0082,1.0505,21.0752,21.9882,1.1800
110,23.2590,1.0349,23.2487,23.1182,1.3126
111,23.2150,0.8788,23.2243,21.9692,1.3128
112,20.9037,0.8785,20.8961,21.9213,1.4028
113,21.8697,0.9939,21.8498,21.8515,1.4013
114,3.6408,1.0864,3.6370,21.8515,1.2033
115,41.3444,0.8636,41.3682,22.8174,1.1332
116,22.1514,1.1275,22.1447,22.0930,1.2485
117,20.9695,0.9609,20.9452,20.8421,1.4085
118,3.2389,0.9245,3.2619,20.8421,1.2907
119,7.7815,1.0930,7.4208,20.8421,1.0265
120,54.0220,0.8044,54.3055,22.1793,1.0957
121,3.2270,0.8720,3.2533,22.1793,1.4217
122,7.3805,0.9238,6.9452,22.1793,1.0290
123,56.0655,0.8438,56.5197,21.4684,1.0477
124,21.5793,0.9914,21.5585,21.8183,1.4052
125,23.2004,1.0022,23.1907,21.8727,1.2784
126,22.1602,0.8922,22.1693,23.2821,1.2374
127,21.8423,0.8899,21.7945,21.8850,1.1611
128,21.1995,1.2047,21.2486,20.8905,1.1555
129,22.2849,0.9545,22.2246,22.1890,1.3224
130,21.8975,0.9635,21.9375,20.9316,1.3362
131,3.6167,1.0538,3.5759,20.9316,1.3231
132,40.3470,0.8715,40.3789,23.0328,1.2551
133,24.4511,1.0523,24.4090,24.3705,1.3046
134,20.7554,1.0630,20.7876,20.6237,1.2418
135,3.4184,0.9455,3.4307,20.6237,1.3065
136,42.3040,0.9183,42.2641,23.1862,1.0799
137,24.3367,0.9838,24.3472,23.7766,1.3234
138,21.2297,1.1273,21.2276,21.0627,1.3598
139,21.8462,0.9529,21.8133,21.9747,1.4188
140,22.0344,1.0642,22.0509,20.6592,1.3701
141,20.9090,0.9306,20.8600,22.0872,1.2368
142,22.0610,1.0083,22.0831,21.6901,1.2354
143,21.7320,0.8913,21.7428,21.8895,1.2966
144,23.0531,0.8882,23.0411,22.7352,1.3141
145,21.4046,1.1041,21.3841,20.5885,1.3230
146,20.7700,1.0054,20.7830,21.6336,1.1364
147,22.7775,0.8349,22.7793,22.6881,1.2701
148,3.2779,0.9046,3.2702,22.6881,1.2903
149,40.0407,0.8430,40.0498,21.6201,1.0978
150,22.4417,0.9363,22.4213,21.2740,1.2181
151,3.0048,0.8662,3.0221,21.2740,1.2349
152,39.3668,0.9620,39.3490,20.5456,1.1038
153,21.7372,0.9161,21.6932,21.7260,1.3084
154,22.3625,0.8723,22.3340,23.0669,1.1387
155,22.7323,0.8051,22.7712,21.7206,1.2700
156,20.6589,0.9170,20.6842,21.7428,1.1227
157,21.9785,0.8383,21.9387,20.6715,1.2130
158,22.8083,0.9615,22.8228,23.8372,1.3075
159,21.9395,1.0126,21.9518,21.6781,1.1685
160,21.7005,0.8489,21.6747,21.6338,1.1491
161,21.7955,1.1148,21.7803,20.6465,1.1588
162,3.2427,0.9264,3.2181,20.6465,1.1660
163,39.0897,0.9219,39.1264,20.6278,1.0828
164,20.6994,0.8450,20.7087,21.3311,1.2841
165,23.6050,0.8348,23.5543,23.4750,1.1857
166,22.9011,0.9635,22.9196,21.8905,1.3379
167,20.6843,0.8941,20.6636,21.4286,1.2392
168,3.5172,1.0049,3.5470,21.4286,1.3351
169,41.0806,0.9302,41.0800,21.7267,1.1308
170,21.9274,0.9227,21.9190,23.0323,1.4929
171,3.5849,1.0479,3.5733,23.0323,1.2047
172,39.1507,1.1053,39.1365,20.5978,1.1896
173,21.6500,1.1820,21.6653,21.5759,1.3166
174,2.6599,0.9619,2.6210,21.5759,1.4351
175,39.9490,0.8716,39.9692,21.7257,1.1467
176,22.7150,1.0533,22.6978,22.6672,1.4169
177,21.4972,0.9265,21.5132,21.5724,1.3973
178,22.3103,0.9779,22.2769,21.8940,1.2241
179,21.6749,1.0555,21.6465,20.8670,1.4272
180,21.7385,1.0175,21.7854,22.5184,1.3315
181,3.2777,0.8579,3.2927,22.5184,1.2337
182,41.7147,0.9609,41.6645,20.5619,1.0474
183,20.5295,0.8570,20.5140,21.6031,1.3106
184,23.0772,1.5650,23.0837,22.9375,1.3532
185,20.5831,1.0837,20.5923,20.5956,1.2323
186,21.9758,0.9736,21.9457,21.6961,1.2334
187,3.4419,1.0168,3.4941,21.6961,1.3235
188,7.6763,0.7498,7.2441,21.6961,1.1820
189,56.7852,0.8025,57.1728,21.6314,1.2517
190,3.4290,0.9813,3.4423,21.6314,1.3864
191,7.6522,1.0102,7.1504,21.6314,1.1197
192,8.5891,0.9714,8.4661,22.4377,1.0828
193,20.3284,0.8352,7.6907,22.4377,13.8245
194,69.3817,0.9127,82.6017,20.3994,3.9973
195,21.6135,1.0105,21.6230,21.6841,1.3288
196,22.1110,1.1397,22.1011,20.9991,1.2173
197,20.6911,1.0202,20.6955,21.5000,1.2572
198,23.0146,0.9427,23.0289,22.7470,1.2459
199,2.8954,0.8795,2.8932,22.7470,1.3406
200,40.4093,0.7717,40.3525,21.4200,1.1916
201,21.6160,0.8901,21.5764,20.4555,1.2645
202,3.0750,0.9265,3.1779,20.4555,1.2725
203,41.8658,0.7345,41.7835,22.7897,1.0124
204,20.9572,0.8944,20.9928,20.4994,1.4192
205,21.0764,1.0568,21.0777,21.5672,1.2572
206,21.6744,0.9498,21.6572,20.6329,1.2925
207,3.1614,1.0536,3.1930,20.6329,1.1901
208,39.6543,1.0399,39.6111,21.6320,1.0048
209,3.3523,1.0905,3.3760,21.6320,1.1980
210,7.4954,0.8785,6.9276,21.6320,1.1175
211,56.2150,0.8315,56.7079,22.3203,1.0507
212,20.6009,0.9955,20.6341,20.6799,1.3097
213,22.9334,0.9352,22.8967,22.5936,1.1790
214,22.6826,1.0180,22.7179,22.6360,1.2471
215,3.2670,0.8541,3.2628,22.6360,1.3072
216,39.1857,0.8674,39.1590,21.6763,1.1376
217,2.8294,1.0340,2.8493,21.6763,1.2383
218,39.8538,0.9046,39.8131,21.5789,1.0567
219,21.6658,0.9762,21.6571,20.6666,1.3399
220,22.1019,0.9509,22.1244,23.0454,1.2484
221,23.1069,0.9941,23.1092,22.9561,1.2215
222,21.2957,0.9498,21.2969,20.2049,1.1948
223,20.6409,0.8110,20.6327,21.4019,1.2328
224,23.0374,0.8647,23.0434,22.9767,1.3758
225,21.4578,0.8660,21.4306,21.4059,1.2296
226,21.9746,0.9582,21.9641,21.3372,1.3294
227,22.1050,0.9385,22.0555,21.4081,1.2479
228,2.8186,0.9535,2.8822,21.4081,1.3734
229,7.9554,0.9715,7.4127,21.4081,1.1051
230,53.1941,1.2325,53.7149,20.5301,1.0822
231,22.8311,1.1633,22.8165,22.8015,1.3374
232,3.4175,1.0942,3.4457,22.8015,1.2612
233,40.5264,0.9684,40.5080,20.4254,1.0271
234,21.1457,1.0577,21.1342,21.4759,1.1980
235,3.6463,1.0234,3.6300,21.4759,1.2506
236,44.2355,0.9299,44.2521,22.1880,1.1846
237,3.3666,1.0677,3.3815,22.1880,1.2498
238,7.6983,0.8899,7.1943,22.1880,1.1926
239,53.9836,0.9942,54.4121,21.2761,1.0370
240,21.7232,1.0354,21.7235,21.7862,1.2663
241,3.2558,1.1581,3.2993,21.7862,1.1563
242,41.0563,0.8552,41.0462,21.6553,1.0513
243,3.3874,0.9373,3.3872,21.6553,1.2209
244,41.5425,0.9664,41.5327,20.6438,1.0947
245,3.2167,0.7763,3.2008,20.6438,1.3644
246,40.0853,0.7959,40.0743,22.6747,1.2046
247,3.5021,0.9692,3.4903,22.6747,1.2938
248,40.3641,0.7630,40.3974,21.6955,1.1184
249,21.7213,0.8259,21.6911,21.7543,1.2897
250,3.5213,1.0013,3.5275,21.7543,1.3305
251,38.6756,0.9049,38.6273,21.4771,1.1172
252,20.9193,1.2331,20.9645,20.7318,1.1830
253,23.2455,0.8148,23.2335,23.2084,1.1586
254,3.2218,0.9897,3.2337,23.2084,1.1867
255,41.6765,0.9268,41.6149,20.4500,0.9948
256,3.4011,0.8395,3.4214,20.4500,1.2720
257,40.9896,0.9082,40.9800,23.5239,1.2570
258,3.3845,0.9121,3.4012,23.5239,1.3679
259,40.6404,0.8540,40.6439,21.7253,1.1701
260,3.6554,0.9357,3.6635,21.7253,1.3960
261,39.5027,1.0506,39.4792,20.8698,1.1641
262,22.2214,1.1885,22.1815,22.2130,1.4068
263,3.3968,1.0596,3.4355,22.2130,1.2812
264,40.7174,0.8689,40.7059,22.7375,1.2266
265,22.9849,1.1027,22.9862,23.1082,1.3225
266,21.5883,1.0264,21.5591,20.6039,1.3568
267,3.4908,1.0136,3.5150,20.6039,1.3325
268,40.7320,0.9156,40.6867,23.1286,1.1605
269,3.0693,0.8799,3.1207,23.1286,1.4139
270,40.9266,0.8973,40.8767,21.7898,1.1897
271,22.1568,0.9692,22.1739,21.9860,1.3189
272,22.1604,1.0257,22.1587,21.0465,1.2800
273,21.2636,0.9405,21.2368,22.0728,1.2156
274,22.0607,1.0973,22.1005,20.5560,1.3383
275,21.9065,0.8364,21.8650,23.2074,1.3806
276,22.7022,1.0660,22.7085,22.6570,1.3967
277,2.8890,1.1408,2.8971,22.6570,1.3861
278,8.7900,0.8665,8.3275,22.6570,1.1135
279,54.1963,0.9428,54.6421,22.8577,1.0281
280,23.3204,1.0666,23.2975,23.2305,1.3422
281,21.1627,0.9777,21.1606,21.1225,1.2346
282,22.0435,1.0014,22.0585,22.0023,1.2840
283,22.2765,1.1652,22.2423,20.8927,1.2459
284,4.0367,0.9424,4.0633,20.8927,1.2770
285,38.9777,0.8622,38.9632,21.9343,1.3548
286,3.9582,1.1337,3.9304,21.9343,1.2845
287,44.1058,1.0509,44.0876,22.3888,1.2306
288,3.7193,1.0934,3.7212,22.3888,1.2558
289,39.4741,0.9450,39.5111,21.9748,1.2026
290,2.9588,1.0362,2.9650,21.9748,1.2165
291,43.6855,1.0411,43.6399,22.8242,1.0822
292,22.0353,0.9660,22.0282,21.8153,1.3756
293,22.1262,1.0373,22.0528,20.8464,1.3681
294,20.8996,0.9463,20.9991,21.9883,1.3075
295,3.5291,0.8791,3.5262,21.9883,1.2738
296,39.1237,1.0355,39.1065,20.5082,1.1329
297,23.1692,1.0704,23.1678,22.8634,1.2484
298,23.1774,1.0695,23.1411,23.2296,1.4397
299,3.2974,0.9552,3.3280,23.2296,1.2615
300,39.8737,0.8447,39.8652,20.6758,1.1137
301,22.5555,1.0104,22.5350,24.0231,1.6057
302,22.1677,1.1005,22.1329,21.9475,1.2768
303,3.3744,1.0260,3.3952,21.9475,1.2773
304,40.0877,1.0445,40.1049,20.6581,1.0568
305,4.2405,1.1673,4.2292,20.6581,1.3954
306,37.0841,0.8996,37.0720,21.2088,1.3528
307,2.8163,1.0033,2.8267,21.2088,1.4204
308,7.8667,0.9817,7.4037,21.2088,1.1123
309,55.9471,1.0151,56.3351,23.5018,1.1423
310,22.1149,1.2729,22.1106,22.4150,1.3198
311,22.3791,0.9492,22.3516,21.2493,1.3552
312,3.4965,1.1916,3.5254,21.2493,1.3906
313,43.6625,0.8635,43.6496,22.8407,1.2496
314,3.5780,0.9581,3.5870,22.8407,1.4084
315,38.7767,0.9176,38.7434,21.3449,1.1674
316,3.0588,0.9275,3.0836,21.3449,1.2647
317,7.6288,0.9467,7.2085,21.3449,1.1630
318,8.3674,0.9463,8.2064,22.1601,1.0611
319,20.4846,1.0022,8.8574,22.1601,12.7512
320,20.9854,0.9682,31.2650,22.4327,2.4255
321,70.5653,0.9510,72.4010,20.2563,16.6513
322,21.7158,1.0327,21.7313,21.5158,1.3989
323,22.9573,1.0389,22.9556,21.9697,1.4381
324,2.8524,0.8267,2.8526,21.9697,1.2813
325,39.8370,0.9108,39.8276,21.1463,1.1289
326,3.4595,0.8762,3.4637,21.1463,1.3656
327,7.6348,0.9785,7.1279,21.1463,1.1846
328,51.4151,1.0080,51.8928,20.2208,1.1077
329,21.4527,1.1609,21.4309,21.4370,1.3682
330,23.0924,1.1881,23.0749,21.8759,1.2406
331,21.7782,0.9368,21.8060,22.7489,1.3274
332,22.1829,1.0033,22.1433,22.2109,1.3212
333,21.9634,1.1826,21.9704,20.8163,1.2377
334,22.0870,0.9478,22.1038,22.9051,1.3535
335,23.3515,0.9153,23.3617,22.9266,1.1774
336,21.7093,1.0279,21.6908,21.0198,1.3671
337,21.9746,1.1352,21.9583,22.9030,1.2392
338,21.9592,1.1165,21.9231,21.6917,1.4034
339,20.8887,1.1312,20.8827,20.6857,1.4295
340,3.3110,1.0087,3.3698,20.6857,1.3524
341,42.4897,1.0222,42.4297,23.6588,1.1662
342,22.9443,1.0692,22.9471,21.9295,1.4280
343,3.4660,0.9261,3.4290,21.9295,1.3817
344,7.8592,0.9462,7.3700,21.9295,1.2395
345,54.3865,1.0762,54.9222,21.7560,1.1900
346,22.0839,0.9482,22.0758,22.8978,1.4532
347,3.5977,1.0724,3.6009,22.8978,1.3861
348,40.0465,1.0727,40.0310,20.9022,1.1423
349,21.3945,1.0953,21.3722,21.4996,1.3658
350,21.9870,1.0600,21.9617,21.0147,1.3832
351,21.2240,1.0496,21.2670,21.7015,1.3503
352,22.9803,0.8390,22.9798,23.0766,1.3640
353,2.7341,0.8487,2.7426,23.0766,1.3458
354,8.8294,0.8486,8.3015,23.0766,1.0232
355,53.7505,0.8082,54.1717,21.6025,1.0611
356,23.3492,0.9448,23.3938,21.9724,1.3056
357,22.1389,0.8485,22.1123,23.0433,1.3395
358,21.7453,1.0523,21.7145,21.7537,1.4147
359,20.9841,1.0808,20.9627,20.8079,1.3961
